Student_ID,Name,Mathematics,Physics,Chemistry,English,Computer_Science
1,Student_1,86,37,48,82,76
2,Student_2,49,85,82,57,79
3,Student_3,,41,49,96,96
4,Student_4,55,55,96,71,91
5,Student_5,58,73,74,78,40
6,Student_6,37,NaN,87,69,62
7,Student_7,56,38,58,99,62
8,Student_8,87,94,60,81,78
9,Student_9,36,48,,37,64
10,Student_10,64,43,75,35,96
11,Student_11,72,87,63,39,96
12,Student_12,36,36,49,NaN,35
13,Student_13,98,94,79,61,61
14,Student_14,94,78,99,43,96
15,Student_15,55,42,43,49,
16,Student_16,67,81,35,76,61
17,Student_17,92,69,42,85,43
18,Student_18,NaN,70,97,97,96
19,Student_19,83,84,45,86,71
20,Student_20,93,38,42,NaN,85
21,Student_21,76,36,69,57,78
22,Student_22,94,40,69,49,58
23,Student_23,49,88,67,77,93
24,Student_24,96,NaN,39,63,66
25,Student_25,96,88,75,70,86
26,Student_26,81,97,62,47,NaN
27,Student_27,96,52,41,66,92
28,Student_28,85,78,NaN,93,86
29,Student_29,89,68,68,62,46
30,Student_30,98,96,67,100,73
